,t,fire_0_x,fire_0_y,fire_1_x,fire_1_y,fire_2_x,fire_2_y,fire_3_x,fire_3_y,fire_4_x,fire_4_y,police_0_x,police_0_y,police_1_x,police_1_y,police_2_x,police_2_y,police_3_x,police_3_y,police_4_x,police_4_y,guard_0_x,guard_0_y,guard_1_x,guard_1_y,guard_2_x,guard_2_y,guard_3_x,guard_3_y,guard_4_x,guard_4_y
0,0,-0.011280223309312533,-0.07372991403426188,-0.09551793407768557,0.04740770074350951,-0.03903013021032518,-0.04584151971360282,-0.03543517808278216,0.0017535340738841665,-0.09964689613814484,0.09649700097969101,-0.04518394635887915,0.09203375096093332,-0.06828071555835176,-0.022962876965201363,-0.03220748052306168,0.024050206091773354,0.004820168549746784,-0.025614433872346434,-0.029362786841228353,0.01668631356907282,0.08620699857713388,-0.03660185058329122,0.06533987401719925,-0.07619046688731271,-0.08637217433069562,0.08245014690905009,0.021827694755128538,-0.026221282498738875,0.0019935590519076785,0.036286830885323786
1,1,0.0387038563371998,-0.20572168508573174,-0.10820403799739922,0.16286781016416793,-0.03575694873686872,-0.060939701372967475,-0.05309649307004663,-0.023674853121895857,-0.2002921876027126,0.16274930652192143,-0.014890961848990952,0.23691675911826954,-0.05675128868460049,-0.03672470736837177,-0.09586594132721762,-0.04670959530769038,-0.048493989690057894,-0.042751947719174545,-0.14912682729931898,0.0025321527885970203,0.14063147270536286,0.0010751621091502211,0.09599595606454889,-0.13047759409131945,-0.22981727399061774,0.09416145911793124,0.13618607264928123,-0.01693136084314728,0.06423169417602587,-0.021494400278623087
2,2,0.03290004980079817,-0.34728688312774336,-0.05181288688192054,0.21761696373912487,-0.07463102557421597,-0.142274153631119,-0.1031923072141484,-0.13128489741168578,-0.2844551694925854,0.2678408903401144,0.0029667989820952832,0.37673382018328283,-0.002078089923503605,0.026565274014788032,-0.12616160995663847,-0.09733703018808298,-0.11988176034105918,-0.024134064240729215,-0.30150588289028396,0.0008674297354990263,0.26978242226418736,0.13806024190474747,0.21636836523248623,-0.17340870626478466,-0.4470072169964158,0.0960592586963742,0.23898863138454135,-0.07443903746037224,0.15759752241593605,-0.11911947112109911
3,3,-0.04176870917095019,-0.515070302232371,0.03948657246161179,0.2519847716940047,-0.04336661124751888,-0.1895527541208442,-0.07630658442973173,-0.1832585956058929,-0.45763964546397495,0.460491650981689,-0.06279450013085744,0.5860113692195936,0.10255524688575332,0.06722200062607042,-0.1285129188332814,-0.08226909497882871,-0.14936209614926443,0.06704560315225301,-0.5008509167094678,-0.04226984689412952,0.4304368748759111,0.2364633534550436,0.27922062360298716,-0.20274716197599918,-0.6346616931718871,0.14245048194963078,0.35335214840768364,-0.20904336819664365,0.21941719545019983,-0.15718103103501313
4,4,-0.17598663657309893,-0.7145927051856831,0.04419761535826295,0.2643839758003299,0.007775952990702134,-0.19753051498093316,-0.0533235208679812,-0.25269283235405693,-0.5480032315075026,0.5725805248218386,-0.08271067741425911,0.8688444868475012,0.19525605967659965,0.06308851127862587,-0.18223583289138906,-0.07360397479103888,-0.19356395043322344,0.08071411563074898,-0.6887064970968181,-0.11304313153579355,0.5686360245906139,0.35069429301215943,0.36906257269436793,-0.21662125575152166,-0.9106304796158653,0.10923864240908152,0.5018500116663458,-0.34028234025927595,0.19922789095375487,-0.28557536663104804
5,5,-0.2725569357211979,-0.9567178374964574,0.02342195965129624,0.3613118333248648,-0.01891135953240008,-0.24138525004395553,-0.09734338496407746,-0.3067198449321288,-0.6054457452148287,0.708026377565965,-0.18159319542786342,1.1097983287297992,0.35499641760755596,0.0779988475220385,-0.13630136304868112,-0.1601406368412301,-0.16215231116582896,0.09492580831907639,-0.971864007526885,-0.17041574510453697,0.7237973000865852,0.5052342936721237,0.536166433608804,-0.19633277793217535,-1.235384750627126,0.035188840625549805,0.6420747431203513,-0.44395728452204664,0.1737842136696368,-0.3563263720630579
6,6,-0.436176899331264,-1.2668634464423132,0.01575760275253247,0.43939755778646866,0.04267718553491934,-0.27544781128713663,-0.19029892109247593,-0.268541254779625,-0.6224879702551632,0.9159422959884336,-0.36914937130331726,1.3129468496464627,0.4553199857220358,0.07134883144227964,-0.03050141654607863,-0.26000539029710845,-0.14315804425901973,0.19784145628323652,-1.2252103880352232,-0.3054328838957464,0.8258103375232575,0.5820978564874404,0.7809220864985446,-0.16790536126211367,-1.5129969907620606,-0.11708281361341535,0.8676797366437231,-0.6412754936526021,0.09812209700888987,-0.42015414570573173
7,7,-0.5409722462746068,-1.6423180427159747,-0.03135752646104466,0.48061400865698395,0.053937856013751194,-0.3612661809029812,-0.35599415318348937,-0.26743722905902445,-0.6765412181813847,1.0699607994207985,-0.5375793386565452,1.5978528553389935,0.5226360263478197,0.0916881102569746,0.05421629704739546,-0.4539642526998777,-0.07390887210943212,0.21841364659678747,-1.4305970651392563,-0.5328644199291795,0.959795051913261,0.637710381819464,0.9472292683284268,-0.12699165719448754,-1.7619121369260888,-0.1923468628233415,1.0900635002870098,-0.7735566136366583,-0.012885845095178552,-0.5037296372893099
8,8,-0.655749430503418,-2.108327962748378,-0.13125170689646373,0.5574636572914681,-0.030818672779206614,-0.5410059519983909,-0.5200744108538342,-0.20087028268630813,-0.685337371243604,1.3111565887820846,-0.7054775041903358,1.8563974925073736,0.596949040618298,0.01970487282592416,0.17364623918976335,-0.7046010565335399,-0.05518627186030918,0.21370848091643682,-1.5657121120576447,-0.856279976293667,1.0028987415388215,0.6993582955364314,1.1122662087933002,-0.12196718762468692,-2.0274203186220583,-0.3587425613030636,1.360610550613393,-0.9547678786381415,-0.15885313025141956,-0.6760696824607547
9,9,-0.7429367503517282,-2.479746583044033,-0.17129736520104577,0.6315167765786937,-0.19209555619602045,-0.6647463166786052,-0.7550171389659676,-0.08816060245415815,-0.6504860573211744,1.6337861846895012,-0.9117597683068859,2.0257793927923866,0.647957227869993,0.012840639890178331,0.33255604245909026,-0.8977968034731978,-0.13008596811526202,0.11673814962149998,-1.7755673014976419,-1.1976048713004717,1.0933161053977498,0.7989517863845362,1.1794469741664177,-0.027638445125203664,-2.352101135293052,-0.5007825332186041,1.6178858465897379,-1.2010477173813432,-0.31733724923973894,-0.7908303680230087
10,10,-0.7469463179329282,-2.7584629580290465,-0.21426494105321098,0.6895122731768846,-0.3257328207759378,-0.8105107100968469,-0.9613716182053553,-0.007339763872378627,-0.6954207422615527,1.8806555466030586,-1.061027957747793,2.2518613306191106,0.6524956110443307,0.009792150763483578,0.4838069549004324,-1.0606259749739033,-0.2522053356332887,0.05343088130513242,-2.0054780465572817,-1.5223873950871705,1.1503713714832071,0.8520770339705264,1.2366681038731615,0.0860749499736835,-2.7328904270214096,-0.5617492142699405,1.9131753578577462,-1.4765749709172982,-0.49978500657479563,-0.972047942338451
11,11,-0.8149395169158011,-3.1096075792674682,-0.24280322258571266,0.7163671207812521,-0.5415849478186363,-1.003911209915946,-1.103177191230085,0.04156983135884149,-0.6940479810235755,2.0837163557010014,-1.1685222658537981,2.4623882075539614,0.5781819932729664,0.08232866397105477,0.550163383831014,-1.24960331831949,-0.3372904217763831,-0.03069714740688595,-2.1775909406021317,-1.8703451614492292,1.1207391413605148,0.9425152884035212,1.1958018483522774,0.14649259246299717,-3.1783739254128682,-0.5654651384694843,2.2728330859604813,-1.8402807267921064,-0.6877083412931003,-1.0771614555908928
12,12,-0.9794424793485307,-3.5321450522240867,-0.2702000466495531,0.6891094765954177,-0.701560069272975,-1.1020573992352487,-1.3272035945859304,0.10128423047911857,-0.6730734492378524,2.2482930195565496,-1.3600380344405867,2.755208138263747,0.4863803102755451,0.23302208156792348,0.5632661409870107,-1.3886313647470545,-0.35598567373165635,-0.1521379472910518,-2.27260905197732,-2.271101437858492,0.9966925854409918,0.9987677337617249,1.193180997898439,0.23338936261524695,-3.5904704278582154,-0.5829384607222168,2.6471510697789404,-2.1935935405842883,-0.8181425701652478,-1.1601505759852073
13,13,-1.2036794286549277,-4.006271038639477,-0.3548640620996621,0.6882987234893249,-0.786538551070366,-1.1790625454748,-1.5114096572077522,0.0817714667833821,-0.6999148828119851,2.478032982459579,-1.5413592465720753,3.1006482058409985,0.4019740872882214,0.330588963013534,0.6045937945259489,-1.590949917732575,-0.3772036829329928,-0.19037196547790858,-2.321246502281395,-2.740574758490912,0.818149141362632,1.0121107756461716,1.247176400213421,0.40081812267969363,-3.902683249193534,-0.5806089506963005,3.0539121861830805,-2.493301705994609,-0.8620131549856,-1.1458659906179758
14,14,-1.4990515389619958,-4.3880811785500855,-0.37012862501863464,0.7170318071050522,-0.8427701497190726,-1.3173915808923975,-1.6948035401821409,0.019520684337733726,-0.8121783420743436,2.7097010293700037,-1.7166812383675318,3.5345948166616887,0.374655563885354,0.43654691202502754,0.6746654253858312,-1.7141433875836616,-0.34594522059783883,-0.2082784298803784,-2.3983509040984274,-3.149150726553442,0.7010467207114067,1.0608713029220342,1.2866539305231584,0.592517384959298,-4.157975815257198,-0.5705478682570847,3.5540763278679455,-2.7702973230401504,-0.9955860278820065,-1.0595216100442755
15,15,-1.7762492781088794,-4.753665184522841,-0.3478247481018237,0.7832746688921548,-0.8351951495973109,-1.5184656148453715,-1.9437225212545024,-0.121552418014461,-1.0231858919941854,2.90126358418438,-1.8501938417316637,3.8784479548162714,0.43128811234576486,0.5496218944674836,0.7777111880959713,-1.7719569979317775,-0.2927325301689768,-0.3182662532389944,-2.4733143002032776,-3.580429925541233,0.5200141879887306,1.0375403702801067,1.2707139016192586,0.7907209889110375,-4.392728463259578,-0.5357382331285795,4.129704305269759,-3.0470509722243886,-1.122649993981744,-0.9226725358374126
16,16,-2.0410240893695257,-5.020349098223473,-0.26754273740338125,0.7854477431925531,-0.7580937557696997,-1.7574905697610537,-2.1821252695199345,-0.3044300224564967,-1.2646523648834962,3.148519757442861,-1.9772984922244057,4.265354158914329,0.4916665493678725,0.7113077517002538,0.7901936007595513,-1.8926346403035332,-0.1619209105461097,-0.352947092860063,-2.4896654524211126,-4.048102981941923,0.37278062072947526,0.9309629033769489,1.1556624178835617,1.052184499343361,-4.606478199054446,-0.45275356493490904,4.6975131687284675,-3.226375088783979,-1.2920401939998483,-0.7968372602919134
17,17,-2.230431166549888,-5.235418064430587,-0.20573606940786426,0.6931738556004082,-0.6046541965493388,-2.06614985050526,-2.4230970159187937,-0.4863442417560904,-1.4809032338850998,3.3782272513195246,-2.038297381911566,4.616134653575229,0.5388632780781419,0.8072923290989968,0.7681193990869238,-2.0883131427120034,-0.019764438028873038,-0.3538641961663075,-2.5429383276656137,-4.430450586692155,0.2672085778196919,0.7390639065774951,1.1347452427938252,1.3065047206811224,-4.856031378633656,-0.31113602195645,5.188874427529815,-3.4847886835855046,-1.5541962788609278,-0.7009816935904435
18,18,-2.4128757726361645,-5.515791693317028,-0.15539904014674616,0.608226228741962,-0.36701971984266735,-2.4636180444962688,-2.7036885295733732,-0.7227038107026293,-1.7081473991796794,3.580453858692155,-2.19775259635199,5.037191441430532,0.6385029721647021,0.8636261496360221,0.7080355765437858,-2.1963603541597525,0.07448097944580544,-0.35555382871686764,-2.636863695708451,-4.8873856678894985,0.14234131557435653,0.5434909512527343,1.0827160079968812,1.5239969613661428,-5.033048772263931,-0.2047814858015533,5.6667280591124785,-3.8196305940642574,-1.9033563728849774,-0.5501962394230284
19,19,-2.5930927137663318,-5.840600303679693,-0.13668348309244727,0.4276444746042263,-0.17994689007810016,-2.9046099737402877,-3.0084655816985024,-1.0209528341315643,-1.9818012705813919,3.695505801974928,-2.4483446002493383,5.410275178958842,0.7223366849502644,0.8396587921179806,0.7239724244833817,-2.2136780281404818,0.0945963436624382,-0.4200934817213606,-2.78100734427915,-5.2778653795187145,-0.03752007551337749,0.3331188158313326,0.9406595814447103,1.7457650664227258,-5.201391188334181,-0.0790336574282238,6.213554824191023,-4.068664651047391,-2.164612034838087,-0.3404673385231619
20,20,-2.7764940542708647,-6.096152154074848,-0.04893848449351383,0.2762437296283033,-0.014534532740765937,-3.2670858964782976,-3.3140981261415856,-1.2992430049370938,-2.1723414345174152,3.847066111684088,-2.785957566378876,5.850301961859396,0.8006658546263383,0.8481453042942079,0.7626944025327076,-2.213629911724551,0.1195386958503674,-0.44700271614984705,-2.8561088548401186,-5.618577606862086,-0.22970353068190452,0.10592443043797539,0.7519669414552411,2.002321223872295,-5.466714076588986,-0.05020326096043681,6.747628031363714,-4.324719574128606,-2.33674984366419,-0.14318748757620636
21,21,-2.930510952038451,-6.26096712378004,0.016247118130494398,0.1021286787206857,0.08816426689459911,-3.6161293179374554,-3.5236531030647757,-1.5942720994367967,-2.2653042677448414,3.916249256412306,-3.149524000120212,6.226628699340193,0.8985777294760335,0.8552906542152331,0.858297581028355,-2.2797956283280127,0.06216496799763739,-0.5159652880465181,-2.9106986803474317,-6.01058980570435,-0.4968717699384117,-0.20101793030533,0.608357052806928,2.1959922563998804,-5.7230197586214695,-0.05811136668639423,7.203080998799669,-4.595710634362564,-2.5295755756044254,0.11217020581782433
22,22,-3.0126121638400574,-6.468434403780067,-0.0035919441330481555,-0.15714251679402824,0.19238405074091175,-3.947975187944436,-3.7584003821085594,-1.8196813832872167,-2.413729692706796,4.023656894385372,-3.4270076917599948,6.6351835629666605,1.0443494109866758,0.8799458731535534,1.012843290889591,-2.4351118382995955,-0.011371584572998042,-0.49307217271278836,-2.931762984644069,-6.3473595776282,-0.7494351260758711,-0.5376193652916543,0.3711863678786084,2.4731562829656952,-6.058554511094511,-0.01716518817380299,7.621525197902279,-4.798805661782079,-2.6420346104196684,0.39226729184011766
23,23,-3.0590361847730447,-6.605809570404426,-0.05896076195869431,-0.4415347464661763,0.3419621459696439,-4.292634008562392,-3.9672974475185416,-2.1015201111357533,-2.602011516099838,4.170093616831266,-3.6075504278804327,7.013817748200003,1.2824269092524432,0.8927329413706624,1.2323986029812959,-2.5932062946049577,-0.0879774314323291,-0.5600060652811808,-3.016739518060251,-6.726402587036344,-0.9328907343756858,-0.9656674030675774,0.09840234314907914,2.6925203322972853,-6.295450886483036,0.053725787593785525,8.070353522642815,-5.0783646190217615,-2.715186391405969,0.7629427194465863
24,24,-3.1404860508574384,-6.818184103737976,-0.13561237381982474,-0.7943012053069209,0.46480156740621237,-4.6585354263560115,-4.121609293569753,-2.483184781349491,-2.8801929282295524,4.319115414937204,-3.6927207732473546,7.368800183287036,1.6009200621448625,0.971188952953581,1.5359199363839795,-2.812818943446805,-0.1905846382910425,-0.5481792173000335,-3.0326366813200876,-7.060411723148482,-1.1090851416347474,-1.4214134423023994,-0.11269458035420721,2.990260469423162,-6.52931433057121,0.0648602575321359,8.430183592548683,-5.440933564274198,-2.7126790916018666,1.052110400448667
25,25,-3.313249373661219,-7.123350375913542,-0.27468189246211194,-1.200886923786559,0.5848180007929948,-5.059620001439455,-4.251113587038936,-2.8192239921434226,-3.161662595892611,4.505655478978291,-3.775719106016342,7.797042187204767,1.8746973377957572,1.101278817709551,1.8952008697571112,-3.1234627080575956,-0.2789476300270173,-0.519034882876922,-3.037728195426126,-7.431571571008902,-1.2299645035134752,-1.9190451739078218,-0.27356602858568235,3.324994610369283,-6.748423760377484,-0.023921346733938156,8.841942004997541,-5.813328198972871,-2.751226841489627,1.405992753003996
26,26,-3.478199163528918,-7.4107045567159,-0.4393698679766986,-1.6396981255435932,0.6429245613501471,-5.457563929020044,-4.460545698900765,-3.2354800714360525,-3.5075478666589373,4.657280133317884,-3.906999251953745,8.18473692333036,2.1808803529958425,1.2012806855585283,2.1772898574939967,-3.409598571002259,-0.2854784572696025,-0.5059884671432522,-3.1415612134495947,-7.899118091808363,-1.3026994102154812,-2.41911055638396,-0.336055094629244,3.588642769619865,-7.027848159286258,-0.0214495129421481,9.170617432453906,-6.2517025607851435,-2.727630915931431,1.7433258471898576
27,27,-3.6873168639528355,-7.72069848656802,-0.6546777178216315,-2.1770896615238007,0.7003845081860675,-5.9184335358949145,-4.730932324779683,-3.6771724670266215,-3.7966729086808164,4.906536565598961,-3.9648173003081846,8.515806172116422,2.5217373940184156,1.244173712921163,2.428788571395059,-3.620405119659774,-0.3831427653493768,-0.5597599374768915,-3.2533240739320983,-8.324066884708431,-1.3619596838434582,-2.828592724423967,-0.3114747027242172,3.8251308689568564,-7.247999423564242,-0.11344908292250923,9.507217193988568,-6.780774116599384,-2.79592254110476,2.1305461730514543
28,28,-3.961416625184057,-8.022041392804965,-0.7794610204506942,-2.728093039000297,0.6975130199783967,-6.30075201683538,-5.075861035102203,-4.047748329167415,-4.018778259451348,5.214275932954804,-4.121104974478187,8.942738728556513,2.879631525439329,1.33552185863325,2.7426579917465896,-3.785795747849942,-0.44483441059020856,-0.5860585361011216,-3.3461741326288625,-8.762967826127245,-1.4807343595080178,-3.3311398072452185,-0.245331756025988,4.074863145526525,-7.563550558408848,-0.1938606101172785,9.784990327090151,-7.3608699990056525,-2.901688189109535,2.446902046455739
29,29,-4.254333147447918,-8.339793624433957,-0.8828006805914229,-3.369119511352961,0.6253246209434377,-6.585790050507665,-5.5102125478573605,-4.391350527472594,-4.271940021170325,5.516947700761549,-4.263099706210567,9.3941752930295,3.2779430903522107,1.4455299836747364,3.0209351211228337,-3.8748214488022446,-0.42916960891045186,-0.5965346645620915,-3.4598073767884916,-9.121311690731433,-1.5133607942687584,-3.8663226072529677,-0.11036169214165534,4.354337409264882,-7.781731984486367,-0.28980993842240926,9.978766146463931,-7.902548266587557,-3.0210962767373886,2.822972872651808
30,30,-4.46234310877646,-8.56102416069491,-1.0367945488653367,-4.0619430368610585,0.46143064394623,-6.938738791853598,-6.007196529624754,-4.832252868856609,-4.453527937666201,5.858819320779464,-4.420078291919337,9.813665266256566,3.694545955881992,1.6548413920182596,3.2518860768382116,-4.017525221875902,-0.3301940999627599,-0.6403009558399844,-3.6564083741992133,-9.487921458018214,-1.5650600163831108,-4.45078773770358,-0.07536036783042663,4.632903155007702,-7.975641756693783,-0.4677405771198422,10.120777427639528,-8.473810114974825,-3.2170773074024237,3.279189516952592
31,31,-4.685806719257834,-8.815425483153787,-1.2746613513002463,-4.678105992231821,0.3534204617244926,-7.299426980358359,-6.529754098677487,-5.194607247188698,-4.669102697239255,6.237524059573389,-4.516505914595063,10.14060808520155,4.0849174428888855,1.9224209173849562,3.4383850904215985,-4.216142484380641,-0.20032101511886286,-0.6796275416233726,-3.935314079313623,-9.797195156835025,-1.6999842673034842,-5.021147637591011,-0.07348951028439758,4.96236321449742,-8.152870976030275,-0.6617377299938114,10.214660250813951,-8.989822779348724,-3.5112152423030767,3.7514315257462925
32,32,-4.903070621248247,-9.008129052061255,-1.575119593121336,-5.289724222852362,0.311342434769042,-7.693671130401295,-7.0168711589053245,-5.53375310009691,-4.92464148779272,6.574042358932575,-4.591250943570361,10.455868402031903,4.410118248132208,2.2395244273036066,3.690791521751651,-4.463568364299917,-0.055308184313606235,-0.7580602931516571,-4.158814558488874,-10.190300721577593,-1.8092949227801574,-5.656382187734972,-0.06565592423287633,5.3342079265282685,-8.388165078584308,-0.7826559439897443,10.374408734258715,-9.488083398394018,-3.8550344457314103,4.302202004934908
33,33,-5.210290394987626,-9.256454047478913,-1.7963880976130737,-5.828965282001698,0.2679732746366182,-7.990976065633813,-7.503377292335958,-5.809988762569468,-5.171189589521854,6.817420657573083,-4.711686388174727,10.741945081315091,4.74023534210923,2.603352370149959,4.032592900463577,-4.782090228943343,0.09754683110131215,-0.8223167354800676,-4.356114830953021,-10.538536698717408,-1.997905828358838,-6.3009800154521916,-0.11383439513441988,5.612114171432414,-8.578658376796076,-0.8596259000506827,10.522651205058521,-10.004382672473403,-4.161541636562505,4.876025896908384
34,34,-5.554132023746739,-9.495449208940686,-2.0503251465794707,-6.333237385137417,0.3007629962387653,-8.292234982300721,-8.019989962832417,-6.021423953773635,-5.337198497771427,7.055811608641444,-4.785196396441819,11.070720843419155,5.1565444849052815,2.953773137563383,4.361941152339887,-5.103277616967131,0.1593432884045453,-0.8138552220029704,-4.486422569830436,-10.930394246179246,-2.133767717579956,-7.035223309677807,-0.22937363101069097,5.885821703316623,-8.777275903122773,-0.97324590605166,10.630181981638657,-10.455656352221045,-4.535509301248277,5.426514425655547
35,35,-5.952092046471906,-9.795286481678195,-2.3294153220816525,-6.7828730067270415,0.24250736922279192,-8.550427069195761,-8.501436006051126,-6.188184159380117,-5.409550262068013,7.287487745003433,-4.887080228767483,11.381340277698774,5.657951675197235,3.2164159292859695,4.716416448611701,-5.475519678463126,0.19910679880903723,-0.8689570923751672,-4.688291290678386,-11.341860270733488,-2.354793696099332,-7.717692589930645,-0.30893488181401385,6.106512449572255,-8.88333951413889,-1.0880856041978972,10.764760106024971,-10.863333905834168,-4.937522024772599,5.906012376316767
36,36,-6.413993081317704,-10.031300112938524,-2.6902980756293076,-7.171014238742664,0.1971055036720006,-8.831156353603841,-9.023974908656253,-6.412475408782202,-5.432456658132538,7.57239632942128,-4.916555864635536,11.759783554032715,6.154711699971053,3.3881074289042954,4.982561768837906,-5.946025925887103,0.16977570900103187,-1.0071132807758663,-4.828144374491325,-11.734100144849647,-2.487908540916372,-8.367873945979875,-0.347145741754895,6.28794045793171,-9.05285229513888,-1.234427511830302,10.892165181856834,-11.319678442149362,-5.2614411837604775,6.373708530345184
37,37,-6.975498538684539,-10.226690705140197,-3.0342045882239628,-7.520070828981456,0.24262116256986566,-9.173055568607793,-9.502105956742085,-6.607109926338255,-5.397622340849572,7.88953365600602,-5.042731104819193,12.202696797694006,6.663586659533621,3.6148279314843013,5.2424102739214895,-6.32749687674195,0.13404581454869186,-1.0845472963146072,-4.98057402343475,-12.184866860112102,-2.634582312650929,-8.92352154367174,-0.3130937933777088,6.418970304550018,-9.239781273890733,-1.3110683363656987,10.931427282907674,-11.870099946481735,-5.660386922073359,6.784838784703125
38,38,-7.526430355985389,-10.383126803401673,-3.354104805892772,-7.960621753025834,0.2455859584095451,-9.551667680287292,-10.024642758343363,-6.864154544727991,-5.335171920696156,8.169196687661087,-5.148221386466604,12.589838517342276,7.154219560218353,3.811397308948872,5.426640755781168,-6.767042417621866,0.020830733622321004,-1.1388038182507945,-5.0417195704649,-12.572817954863982,-2.830591711890714,-9.44914593359431,-0.2949675314651202,6.628749705876125,-9.503535285293689,-1.4034244060918137,10.87332461233846,-12.507203899299057,-6.155593630075986,7.272958103731648
39,39,-8.136738006893962,-10.541170204487663,-3.735969466760483,-8.360917874668079,0.15051597650534115,-9.857124391406034,-10.45317230459376,-7.115846894165719,-5.349240837242562,8.350682549041853,-5.285067860878634,12.976375777960518,7.577125763835651,3.9218387020356342,5.625721912479192,-7.253357666370181,-0.04853226918202852,-1.1865629207028578,-5.176613060599051,-12.891562999467125,-3.0242439767163702,-9.92798992826387,-0.2700457149532487,6.793371255176815,-9.804727364873825,-1.4538267689459605,10.820039095037224,-13.175976263377951,-6.605990162931635,7.825231193585848
40,40,-8.659996871282274,-10.772703430893058,-4.2063642108201975,-8.706122927176212,0.07291013019158905,-10.092885572680064,-10.78789454611649,-7.420675434074223,-5.264061873961339,8.620234204288863,-5.475676129841695,13.296869293118881,8.005021623659111,4.098746504588747,5.763889876012204,-7.708315681657776,-0.15663274148769588,-1.1549041250124576,-5.322931017343191,-13.125341976065748,-3.1765074212143127,-10.337845374055977,-0.3232801304102878,6.944302370496545,-10.11472978231028,-1.5280674485547727,10.691801100861019,-13.766234508202198,-7.155846751564085,8.441056767566067
41,41,-9.137622468107201,-11.045989515928301,-4.774738893106768,-8.98751119809927,0.06940749045712405,-10.271882722097823,-11.16557649542603,-7.674919629080681,-5.178858791936449,8.829962680135907,-5.646068518331886,13.703862514385651,8.386321745412403,4.246639308561714,5.861162009376128,-8.248204839975934,-0.36020128073130564,-1.189820933715768,-5.501544473076686,-13.415581441969454,-3.2730092189209494,-10.74871558643105,-0.31936376946002565,7.1478088456962725,-10.49616067993309,-1.7006776410535431,10.537299315071506,-14.382151137100367,-7.727048265434783,9.045897304460997
42,42,-9.65380622024183,-11.283364796933306,-5.3802778783402845,-9.246028432800296,0.11162178253010052,-10.367718113112415,-11.484326964292888,-7.835553387575985,-5.05889327620331,9.10991936473381,-5.880118818434015,14.109655607106504,8.832204101447727,4.307640930044484,5.953433564894089,-8.855156300453313,-0.4837243084643793,-1.1394801950911992,-5.6991100319288694,-13.697823729952836,-3.392327235515376,-11.166006315762479,-0.22524949505027836,7.416651786256902,-10.787550088594454,-1.943485363764832,10.337793436147653,-14.969662962063486,-8.349199454988861,9.731666834826413
43,43,-10.087615832212753,-11.559524240650907,-6.067773826214581,-9.482251151573385,0.2321978827382254,-10.445985186488153,-11.787163645898552,-8.062021725145737,-5.014898001821182,9.36286276691858,-6.172739826799575,14.587500332575226,9.277903856078122,4.3032361131001,6.018210019497371,-9.41634356164436,-0.5644814629007497,-1.0668863079230957,-5.871997075791394,-13.900942394517699,-3.421776483309947,-11.638686329823274,-0.12475115005727534,7.777463230056224,-11.172582625043875,-2.210197584838421,10.113593496640155,-15.465323504746914,-9.00079385256586,10.423416442058887
44,44,-10.491318457557016,-11.744304178780732,-6.753675544513797,-9.80701253059895,0.401313373255309,-10.521699683722561,-12.173074485537443,-8.335540028558482,-4.993172219470346,9.666045795628229,-6.531394071033589,15.10601487023779,9.72087789026228,4.385686029776512,6.026659013394592,-9.947280573616391,-0.6451256623887835,-0.9040648527523717,-6.0248354436481035,-14.131537553509549,-3.4094135749339443,-12.083551883197888,-0.0518314478065349,8.154641576852125,-11.48536700455708,-2.4506243985263674,9.868892276612804,-16.04234946008023,-9.74178452410505,11.178698677463114
45,45,-10.964800316137662,-11.869745480816649,-7.404619726802828,-10.051329895958794,0.6515639903725488,-10.49929405217824,-12.631629193586901,-8.666349130483201,-5.005979341016905,9.94610427781974,-6.953558187157137,15.691503376776843,10.166092748646111,4.3922673507941346,5.984986995160279,-10.429742192758411,-0.806610598379564,-0.7775529120411052,-6.15924595272499,-14.454003309184069,-3.466768697180437,-12.57899419123804,-0.04099394783172121,8.550841493342887,-11.86123718934987,-2.7070738220391695,9.551349255643585,-16.612356298857705,-10.456036151596532,11.916513899925484
46,46,-11.353581685912815,-12.020791002577226,-8.036452843103044,-10.36286293753556,0.893122041515301,-10.444567502157486,-13.074068046228094,-8.987940185336836,-4.941263346121598,10.159631215008313,-7.425738143377572,16.34949710718565,10.606677348969392,4.392080527571119,5.927477411926201,-10.864425391678976,-0.9703170872167561,-0.7330539078719289,-6.225533121163401,-14.842691594588093,-3.449367552743808,-12.984209909170076,-0.11556565884086242,8.986446083017707,-12.328031513410089,-2.937610048151689,9.306507978339011,-17.22035306633622,-11.111232635567479,12.659962774849987
47,47,-11.698420270927368,-12.2605114704685,-8.62903045974085,-10.76225880240602,1.2167390199670591,-10.383186619838387,-13.493351517811282,-9.270367996380001,-4.8947400823798155,10.399954289092904,-7.87644353898434,17.03144701839542,10.94768568599385,4.325383151765546,5.781684185729098,-11.31530923372029,-1.0375756667014813,-0.6497797313389012,-6.202949558422656,-15.181318691081652,-3.387162589752785,-13.29550533079372,-0.22435852000735207,9.431136069779464,-12.887590595738013,-3.220075105046268,9.06702619832732,-17.73879813616532,-11.749330173740772,13.349370122465782
48,48,-11.98610000250809,-12.56550619146465,-9.14167573620926,-11.19700919089252,1.4624589693801595,-10.417407135715104,-13.9599548666173,-9.501870809906695,-4.772562687698827,10.739912796652211,-8.373061969835119,17.656554270882605,11.223574316730508,4.2991604222187885,5.711805093940591,-11.839457901788489,-1.1257993426718356,-0.4688686787316094,-6.144758444587724,-15.571921520433825,-3.3789379355461464,-13.558643311694695,-0.2980625075879184,9.896624150184495,-13.436181299138036,-3.4653630114206777,8.803759333348957,-18.22231018457443,-12.373398619836014,14.124425259959713
49,49,-12.313397999708707,-12.820199885957818,-9.560503823385433,-11.604594440448093,1.7317024208417704,-10.518241095653384,-14.368013502113316,-9.793644390537864,-4.707867552975454,11.008456156761977,-8.867471813120561,18.327082863468995,11.409410050086944,4.32429929998786,5.549905879271927,-12.316486339025325,-1.1802043303721983,-0.37557864064250523,-6.0751970262991755,-15.889443324811923,-3.2917108888766218,-13.828720578526138,-0.39960636628348717,10.335532597649127,-14.035592754399106,-3.683323898076557,8.62429074786613,-18.61256840822824,-13.0455534779641,14.82428452569862
50,50,-12.635144174356457,-13.155566823755303,-10.008290842034725,-12.10292323219905,2.028607789651747,-10.649080220447408,-14.870337935491841,-10.013645217343468,-4.6038176384540765,11.249087918919242,-9.450088236306803,18.90820008120412,11.50990107571735,4.441084019801737,5.383974776982875,-12.891607647253581,-1.2383640386347325,-0.3091420578333665,-5.917590327591348,-16.27691627016921,-3.238707263280457,-14.190449248916169,-0.48412026655002777,10.760252173770038,-14.672939931638883,-3.870920179902763,8.51632609813795,-19.092007790388976,-13.70884126380915,15.461087594547065
51,51,-12.998775691398182,-13.559426787283634,-10.429814998797877,-12.646609279012138,2.3222020384311675,-10.869599350752333,-15.428078128172096,-10.227308910455243,-4.42258015283385,11.579297106041333,-10.122224941208888,19.408475284103044,11.627822681665448,4.588108292909957,5.272172596989687,-13.49729603616358,-1.3501764216779577,-0.3423204009165998,-5.701433805034243,-16.717937123698487,-3.1500326203139104,-14.589164576699487,-0.5423660526128822,11.193679130904924,-15.41007322346193,-4.060039642466684,8.372130948699281,-19.543773576508084,-14.431139455320393,16.153607396775165
52,52,-13.383587760384462,-13.947788967101316,-10.900983171766693,-13.139091342433904,2.6839030115860076,-11.136313698336792,-15.963739720451894,-10.407374949020369,-4.303756684635483,11.853602889164069,-10.742567238877172,19.99029740444314,11.812703647107407,4.765006128649725,5.1672573773584745,-14.06239743882951,-1.5315241925338905,-0.4494972239335548,-5.441316232759143,-17.11516037000187,-3.00283315440222,-14.916676525471871,-0.6675681157801394,11.713414286517338,-16.127730062400246,-4.324653642940866,8.282896613685473,-19.942362259716813,-15.108680067655854,16.923668421841143
53,53,-13.670181044677074,-14.257719209053858,-11.448867248654159,-13.705714967612508,2.9486235119274213,-11.47497806036391,-16.589525315049965,-10.492578014180559,-4.236170989298318,12.106081418249135,-11.336461707351887,20.641132579874686,12.02877547995664,4.9001357025292505,5.137718207988204,-14.54773219330024,-1.7877208564447136,-0.5191231755918491,-5.218083827205305,-17.585151207174697,-2.9040667624246552,-15.303959648194214,-0.7998854334224653,12.257848864050471,-16.838171721328166,-4.491593746764828,8.185402876541824,-20.319376336947425,-15.837184936342156,17.706901587914402
54,54,-14.03892128878174,-14.580082282219593,-11.96562635523602,-14.358538464616043,3.133596929062951,-11.729215618627693,-17.202057832882307,-10.609920664296544,-4.245443543530423,12.420595618749253,-11.968277073786005,21.319569614382544,12.339980429236887,5.065603966341762,5.116896160080086,-14.962946083325,-2.0264941424921137,-0.680664520733461,-4.952338378616219,-18.026553290534256,-2.7462504029307624,-15.657957674273796,-0.9588076372145112,12.723241208811512,-17.607685190215715,-4.650878984946186,8.089681662873978,-20.76880322971683,-16.657655305375503,18.444427233334203
55,55,-14.454471689501982,-15.000295445260567,-12.44902716188536,-14.990852188484219,3.2205027745419104,-12.060586113403456,-17.885703151296315,-10.736130434010668,-4.325461920536845,12.760667323838089,-12.603821334982976,22.03618249427282,12.659319645843944,5.250421821549762,5.178870579771696,-15.324689422015293,-2.358569622261028,-0.9370478519769762,-4.726971520990207,-18.477298281263465,-2.5786053110883422,-15.935838502547426,-1.0952727213475777,13.128800249971057,-18.460306335103922,-4.8878916494793625,7.956130362633568,-21.120266255902564,-17.44405765226934,19.1663156885898
56,56,-14.944847254170677,-15.371228490865473,-12.833299468631262,-15.602385075259198,3.332193173565619,-12.346887693380785,-18.608100178343136,-10.77970871961812,-4.309563907118221,13.10523682132148,-13.285853609150418,22.80508164932522,12.909168884443599,5.4908907383699335,5.305495524616703,-15.657072491194555,-2.6590225955168347,-1.2477678462433062,-4.588603515198939,-19.02603676959248,-2.3865382193222735,-16.264063881179126,-1.2933647357499574,13.56473398652162,-19.277001808313607,-5.062751596937411,7.863849669361771,-21.411776363183105,-18.234913018116163,19.968828694097738
57,57,-15.409156567475877,-15.8109660897526,-13.225416642286076,-16.18269778380527,3.410946630746022,-12.544064669483818,-19.246302210424215,-10.88901750747622,-4.233474932765375,13.379623572893086,-13.950480264624339,23.514447400351106,13.079064237998473,5.6504965544227765,5.507824109430044,-16.044047740874916,-2.996540138041747,-1.5330388678985618,-4.485459363208107,-19.57216558490762,-2.1180104158544344,-16.604281943694446,-1.533671553714003,14.085768358932977,-20.04344309483054,-5.190060390694713,7.72270086057809,-21.72405772768113,-18.971486119457527,20.81887378742269
58,58,-15.924618651531377,-16.194679304838214,-13.51796741809748,-16.750758905409988,3.481853760343092,-12.805020376808011,-19.82536049808973,-10.98090603221944,-4.127243796593019,13.602103134937703,-14.561339753908026,24.26481327714428,13.215684621859442,5.807946918397231,5.792722246378275,-16.38988713413719,-3.286272233978652,-1.8233150636092537,-4.4411907948345934,-20.16715035659976,-1.9228604577892112,-16.93827781553153,-1.8481084243110086,14.668363237233109,-20.77729083694237,-5.243919988097292,7.512940306526079,-22.01733437963636,-19.728659360784768,21.688819725289438
59,59,-16.42525516483624,-16.485161400426033,-13.805439917014652,-17.277080373079738,3.6114014979669538,-13.165597170244732,-20.3064729487345,-11.013221901324394,-3.9737544992478684,13.839811148780402,-15.105009512766998,25.049370950805468,13.380740738190967,5.996092563264932,5.993749287587774,-16.738452503459218,-3.5253677213306713,-2.2109437885746583,-4.302371842724681,-20.718556730682007,-1.7179505230774739,-17.30572419490416,-2.0645247919402503,15.28339951397847,-21.53426913262538,-5.215351250277051,7.395448008649723,-22.223400241829577,-20.417644839133967,22.600891613288358
60,60,-16.917679078977578,-16.803088478599733,-14.111859224617332,-17.813213594655583,3.6928194460942207,-13.566442007130592,-20.690896455637947,-11.06882402640273,-3.764718493200307,14.077499854691757,-15.569738656215637,25.8425787112624,13.639032797325976,6.087391469583167,6.255483323452996,-16.995038905522907,-3.8143340546584157,-2.564508265700268,-4.096409343991685,-21.332136679828324,-1.4749876443141248,-17.743671758925938,-2.2105344487704417,15.884021076431472,-22.207212804299395,-5.174633042348834,7.280885236093779,-22.423491256530088,-21.18489742916128,23.476634852913918
61,61,-17.34244357391356,-17.154726511892044,-14.517136199134448,-18.357745344031386,3.8694277649449447,-13.875217061377468,-20.98084815971576,-11.135573805217492,-3.4593826701292496,14.392479543406578,-16.00351904372334,26.70193730648965,13.802901506423341,6.228105745438498,6.47169772415158,-17.30825701154596,-4.1516146308657955,-3.017474699475984,-3.8029453054049505,-21.8970155485299,-1.3288566264187127,-18.12609177580557,-2.3976597235375356,16.447339502928827,-22.92203604051497,-5.114010287758767,7.256888843708395,-22.616227724013786,-21.903722172796392,24.31290774113786
62,62,-17.840901964459768,-17.56973817187652,-14.864991371341638,-18.825292234224975,4.117326569651581,-14.137832396313579,-21.190909827308893,-11.153795497035816,-3.2212673332879946,14.746958171622332,-16.474967726519363,27.472062469601727,14.041192350141943,6.3180892852983215,6.710331269676825,-17.674005776384575,-4.477269986538983,-3.469268901012691,-3.469551118071993,-22.390490024923054,-1.2002192660959208,-18.535743061673614,-2.4942908738610132,16.912330103283672,-23.730368264341518,-5.055247297213475,7.144214868211057,-22.760773612517646,-22.594663107950147,25.165882743601486
63,63,-18.409599128220684,-17.9845147896267,-15.244819342826503,-19.351384408036548,4.409065925190371,-14.403906740088484,-21.37326852277024,-11.088808063917567,-2.9199056996026327,15.069005933830441,-16.91624776688673,28.243715127330155,14.325129385001558,6.37129796085086,6.949887520373514,-17.953128803107404,-4.902903054155488,-3.923630648684878,-3.1870062405758364,-22.844175359497815,-1.1078291827658409,-19.026344022691884,-2.509809061732615,17.357301357367906,-24.53193152272841,-4.9318429023370705,7.0011206568489035,-22.916644937779093,-23.232523400773225,25.945233292278697
64,64,-19.04464736401206,-18.33249675204865,-15.613611476740116,-19.89312661330508,4.632595148984729,-14.65655937555939,-21.618927784481382,-11.012339185558112,-2.59689381854958,15.345651593322685,-17.293294012242573,29.081803038679297,14.590477063620499,6.327216473193468,7.272161323914152,-18.225466302194267,-5.40803246221638,-4.3243197845695365,-2.950454153722792,-23.268415676047415,-0.9878658112966408,-19.5061911460602,-2.460563444965905,17.790671130708574,-25.27525177825383,-4.850022085755194,6.797162207242432,-22.98806815391907,-23.866112864146707,26.654284933476678
65,65,-19.683440654914016,-18.60994822424146,-16.04070919149092,-20.352536018935602,4.9305488515332465,-14.918252493880546,-21.913515048549947,-11.02151464996411,-2.2411576113665186,15.705744936947958,-17.748621341742588,29.955447783120036,14.940760929232445,6.25381512314653,7.685844560838675,-18.52580214375105,-5.819993290185335,-4.646096622592553,-2.7018626665680303,-23.739522156617102,-0.9116774403955685,-20.05930071933097,-2.332751291229915,18.30962506099456,-26.06454011872864,-4.760296944127358,6.616007361021158,-23.12550096103961,-24.571927432677654,27.38503261705388
66,66,-20.286484582249656,-18.943937612296363,-16.44414290827832,-20.858843668806557,5.16049321768165,-15.27521978523472,-22.1689135150159,-11.096954761300031,-1.8754398627622944,16.037859792291552,-18.148903974390763,30.9285183579834,15.231758579127163,6.146243128841741,8.12518241456866,-18.78457682082623,-6.141025661360895,-5.0112372761629,-2.368173658362754,-24.28133244712523,-0.8677332471076656,-20.69620738601767,-2.2109831341819195,18.78784952037008,-26.945687214980087,-4.629245119019492,6.534779159977949,-23.36290319339433,-25.347293919697645,28.146059944643987
67,67,-20.988502897653177,-19.374669417470155,-16.882524360791017,-21.419465383103034,5.292606107733918,-15.57084030545036,-22.38772355056861,-11.137561127669457,-1.5506332294942606,16.27088018496837,-18.49809401751651,31.980040864613173,15.501433157112439,6.02371577271419,8.524659735636611,-19.11567472139997,-6.379082364928769,-5.30654505998978,-2.0134475626022477,-24.7630683124938,-0.822660011668833,-21.29381785999997,-2.1101228215211343,19.279839529579025,-27.82111079726399,-4.578411498225568,6.448859300031783,-23.516536961069782,-26.11431878622242,28.900727392200842
68,68,-21.69290495841286,-19.75636093330331,-17.24892494425996,-22.077035764171683,5.384295848835268,-15.815615082095974,-22.63236567061585,-11.251194130699544,-1.1478115256395607,16.525373229630194,-18.768449178617836,32.96500322725727,15.870082908997345,5.96360577199,8.897709990879019,-19.52989237158642,-6.578294195005465,-5.666616161241876,-1.7055498856508031,-25.232627156039072,-0.8334515255275933,-21.916138810181238,-2.069248242417953,19.85932512719958,-28.6653458971509,-4.50218539967907,6.3170508291692755,-23.76382858351805,-26.872921677047437,29.608721612101572
69,69,-22.37418779884729,-20.075100084504385,-17.678004179644145,-22.75392375809681,5.386873453397814,-15.995038800541026,-22.85979664279259,-11.381706056163809,-0.8188372847824726,16.829971066920148,-18.952677655324116,33.93067750052803,16.301089975780926,5.804453354460647,9.282653084770624,-20.00060377118634,-6.874933091946095,-5.97275587602954,-1.3343786331088663,-25.763885012229952,-0.9334540593056462,-22.486054172852196,-2.038865905659408,20.436752289356065,-29.459259256373276,-4.332500429140189,6.180223127833964,-24.06580511761239,-27.691933818155096,30.29260743887501
70,70,-23.015222690829,-20.37631211380406,-18.007617193115376,-23.496198665661883,5.325374499009524,-16.208126005249998,-23.03322001170722,-11.552638859859425,-0.5060732837547756,17.1254837830624,-19.21926769265095,34.99267155226359,16.69019120378114,5.7009630387670525,9.622814026324074,-20.50033249722971,-7.172201889250356,-6.338755598674495,-1.0415954300529968,-26.258863936441255,-1.048430394534838,-23.10221876055976,-2.0120412587451804,21.00004133313962,-30.250319740486123,-4.086099186764178,6.052891966881015,-24.369711168174575,-28.605139396808582,30.9243012538212
71,71,-23.71633083054986,-20.72613014269874,-18.31991366453194,-24.32296939267561,5.275159252467591,-16.439934659261322,-23.10872330157357,-11.746643291149644,-0.18738856668306342,17.413670421754063,-19.49737400176093,36.11725414085406,17.076066634100858,5.611247532242672,10.046527242584261,-20.94286229232091,-7.409792987603746,-6.797782023083747,-0.7867456985103556,-26.85332068813387,-1.0869133864671754,-23.663291135393322,-1.9795138325085582,21.473040625804064,-30.98949508646892,-3.8625810392898763,5.985196544257178,-24.613231107782926,-29.61289333512722,31.54826397120374
72,72,-24.46885228348337,-21.007726216644976,-18.53873948791945,-25.174886578701027,5.128091696172985,-16.732465301286197,-23.11383727609921,-12.002588465539,0.10878802812485161,17.742707675306196,-19.70524536033635,37.21903893599751,17.463533119435255,5.48516250887808,10.43188937631796,-21.398468703452867,-7.618659541391325,-7.170140110749126,-0.6066941672893549,-27.404622465845115,-1.0286459205124,-24.240278532948373,-1.903524147695229,22.010518900487416,-31.69382212626664,-3.543645929674402,5.940805130018985,-24.832473133476668,-30.606531877777485,32.09306064538284
73,73,-25.21143543511247,-21.384531715975502,-18.694296150507594,-25.960653736689466,4.975370467361845,-16.993375221324314,-23.15567972311506,-12.293438332767234,0.4722008719157352,18.15469213609114,-19.896968772721326,38.22209082728668,17.793004076187113,5.342674087181657,10.762186861522657,-21.9448084822014,-7.86191072459072,-7.575757137610216,-0.5250829027793145,-27.952889957287365,-1.0183505504198198,-24.878329693939467,-1.877409871868762,22.587318081789228,-32.49286239446762,-3.274859773747308,5.802430660648743,-25.135213042753033,-31.544715133355368,32.63961642231094
74,74,-25.888593203346446,-21.836338348267315,-18.85306284247456,-26.68619234923518,4.758356769426223,-17.213180131766755,-23.147170571000107,-12.628459736438021,0.7905310627450057,18.589868006906453,-20.081629837203774,39.125344324479435,18.049411838562133,5.175427105850294,11.013423260534951,-22.541771024103102,-8.10833586699016,-7.951357922896154,-0.3902909065087352,-28.485553741513126,-0.9967944705268691,-25.603671338349,-1.8117034398553118,23.212345015517933,-33.26088733194384,-2.9250481861905677,5.710777972899624,-25.502650983175002,-32.532679267385646,33.14558664656737
75,75,-26.588317770448953,-22.247393359646356,-18.989997904465458,-27.419851313786406,4.530254571170309,-17.51211914681342,-23.202493172088964,-12.930671286640548,1.0092999968319585,19.03155027019491,-20.222405626109392,40.017526858522054,18.31249988710194,4.941933144350759,11.2391030623723,-23.158088326365426,-8.303953902716666,-8.319870710662672,-0.24381302006501693,-29.02271331645818,-1.0318018748947049,-26.391847775799263,-1.698865236522193,23.90235071693227,-33.95864871166399,-2.6551036605330722,5.638154899161044,-25.786230984556624,-33.617975398331225,33.67125048595424
76,76,-27.381493363560256,-22.58792273308115,-19.187842648789278,-28.23076448191919,4.363560541880839,-17.721244912051958,-23.197297528670255,-13.153003793201755,1.183602221353962,19.493637901662606,-20.455469775178752,40.92094386726928,18.537407351176704,4.632863228212642,11.477595268146034,-23.8717591146924,-8.54707742074692,-8.626580066909732,-0.014262561808718627,-29.643888102144693,-1.1605824612853954,-27.182392757276606,-1.6124467285344197,24.625937553021775,-34.571109710872804,-2.447367287448204,5.479738999996952,-26.100539126902177,-34.790625101848725,34.295618588092665
77,77,-28.218552529899522,-22.97674233035826,-19.381820750228467,-29.077771576584034,4.099607188853589,-17.96433492458272,-23.285661082462827,-13.285902729377563,1.271111555853533,20.032289666981423,-20.682191462966163,41.787052583732,18.831283983895318,4.2525320384735235,11.748555864647031,-24.545846523443885,-8.84874603216772,-8.876618461057292,0.15691504782532556,-30.317361853585332,-1.2571365673595767,-27.916657751074492,-1.6096898672127669,25.25420155751469,-35.26105519026008,-2.2940009419860594,5.4075291124381675,-26.326024942876145,-35.96191132606475,34.91831717675556
78,78,-29.02911183221124,-23.27543754386006,-19.660169208024858,-29.994072826795662,3.817081838188226,-18.18030168627105,-23.393974689111374,-13.324323077776986,1.423581288718363,20.497163157194787,-20.83155521422242,42.676600015844336,19.045584352520876,3.9316421666857417,12.091887511814555,-25.311635243838786,-9.105616050502482,-9.095869116308682,0.26946817787583166,-30.92629303061797,-1.3490781467750192,-28.553515984177942,-1.5227193315832928,25.834911123731928,-35.905661590500046,-2.1362486023881804,5.350160139907031,-26.56239990897821,-37.136072634295985,35.60254570924895
79,79,-29.933824604042258,-23.53760564660163,-19.918173503830594,-30.81569875033831,3.5552013953807813,-18.465489971319233,-23.472291873017284,-13.441054429979255,1.5719619528359412,20.902576766334338,-20.99210796203278,43.52238218027186,19.18825079030126,3.5208114048055754,12.470654481576315,-26.015913496050402,-9.397734492177523,-9.281828466552746,0.38534132725035264,-31.601223709823984,-1.4474750809308294,-29.097058782442197,-1.4199412516822363,26.370812742373538,-36.46506680871623,-1.9285780770778902,5.259681900765355,-26.77782283123654,-38.31756265039771,36.30358256093117
80,80,-30.85219890523238,-23.79951191595346,-20.133975228376183,-31.59513217322065,3.2409832190759325,-18.84143470932014,-23.45438381496666,-13.60403919884421,1.7332138828348966,21.351750535010027,-21.236996030812733,44.454302271548315,19.25875879225865,3.17157946900669,12.930213202842285,-26.736323598807598,-9.688858386393784,-9.441339615423743,0.5248284331006592,-32.33335042143794,-1.5154393687412964,-29.714084014194835,-1.2949092363539672,26.84428615150236,-36.990211501964325,-1.683749890151928,5.167005257378957,-26.8993541264928,-39.462013960192124,36.95300305156529
81,81,-31.757574393482972,-23.969515063639943,-20.34036895061551,-32.310870440922635,3.000355675761042,-19.227809405239743,-23.367334055337597,-13.758539891136465,1.9272844598729744,21.755740744566413,-21.42166974976985,45.39913188157153,19.315797426768594,2.8269442989843347,13.473254297393277,-27.49111524019544,-10.024524046542439,-9.602490029428981,0.7464451629808346,-33.09851003022554,-1.5637850082104474,-30.28199648696505,-1.2449184850191541,27.282275363515893,-37.543808258240404,-1.4429800498227014,5.084664032673918,-27.11029671504255,-40.616739013194,37.51695878448466
82,82,-32.68908052358469,-24.092697265516595,-20.620056914973695,-33.00427043869351,2.797894872815645,-19.70839838832492,-23.24869590420983,-13.860597341882125,2.207314279116954,22.180028045826575,-21.62850685347841,46.31036737022798,19.320714174366184,2.3968417321605537,14.004233282550437,-28.30179127386823,-10.312668824487613,-9.752593825790232,0.8886225925977701,-33.9347748418466,-1.5880131904467614,-30.9085758414191,-1.098870861520645,27.800803283343598,-38.13034622598782,-1.1566788566027393,4.999187593271869,-27.31455217590449,-41.727842067775235,38.13201117142588
83,83,-33.56276487940911,-24.124050782009665,-20.907229365802795,-33.6047999482892,2.65596079690832,-20.167417798029142,-23.050647729758996,-13.984467068970426,2.4701865799571343,22.69218890847602,-21.826940791993728,47.282741985570965,19.286976776221987,1.95238699539984,14.470754899624662,-29.149798212492318,-10.58686824566113,-9.869243303039093,1.071071255205764,-34.71533534566013,-1.5285830897684096,-31.49977195700555,-0.9912564167853177,28.414289054278647,-38.697077190809814,-0.8671762144203454,4.983716732199654,-27.591384076552085,-42.820169111326535,38.791481825042766
84,84,-34.50837762321353,-24.100026356474828,-21.225746655750424,-34.217011917752664,2.5669915664686376,-20.652571472310914,-22.94751147812213,-14.17514762685733,2.6781889772085408,23.23789836401973,-22.032360777186096,48.17424162234437,19.25077194819546,1.5742426406164975,14.865431356389454,-30.008239014808506,-10.885689475722918,-9.920724875649485,1.1902242396612452,-35.538406701429,-1.5467972129677778,-32.07902110213424,-0.9225027070670836,28.93792516812954,-39.23722961606047,-0.5985558510151501,4.964517876301002,-27.781803885632403,-43.91384281873517,39.47369283132102
85,85,-35.39929784483368,-24.174426444092557,-21.59798622185147,-34.74838385708233,2.5592344484129215,-21.202575744515883,-22.836642699080723,-14.455809927812332,2.886354675812488,23.779942229031036,-22.152057640839388,49.059325675054055,19.144514413599754,1.1432150559268621,15.287142323111425,-30.800142884676152,-11.215590319125267,-9.917734927740923,1.355436018529598,-36.32514148056775,-1.565248463911699,-32.663098405872105,-0.8342384873042287,29.525312790697225,-39.70546748636126,-0.30031688501791126,4.89680087375758,-27.9282166981218,-45.06211995031314,40.17306753939421
86,86,-36.22526344141489,-24.3151771403431,-22.02918077266872,-35.185882420961235,2.4699671364130773,-21.67609514012677,-22.637572571042277,-14.750961298777717,3.026370006371156,24.37824770040443,-22.325944322280037,50.0270338739377,18.968524810537236,0.7913605583817163,15.743757803295967,-31.603145540223064,-11.475133736337975,-9.827869807817434,1.4374509096185517,-37.040473994041065,-1.6301496056574079,-33.153398633182476,-0.7045423224496372,30.06453998499599,-40.15145152313726,0.025497397736470084,4.782554292850489,-28.086474686307863,-46.28832432319379,40.83099768040719
87,87,-37.07998763804695,-24.412573674050943,-22.525105784953606,-35.7070537483854,2.4501293819745453,-22.10573342223118,-22.473009362867824,-14.982907896565106,3.0779855999619907,25.074859907278512,-22.414247526506042,50.98726302937286,18.736002642346214,0.45297232321543435,16.1517973264705,-32.34527991872122,-11.774973403977281,-9.656868338209827,1.5916584935795013,-37.826552326959515,-1.7406001629281096,-33.70076923861735,-0.6513710547069584,30.702993270159396,-40.58149542311983,0.4380322786999109,4.588111032086423,-28.236222025356554,-47.480120815279946,41.525192488662725
88,88,-38.01085668222648,-24.470800296253103,-23.10350376573392,-36.161444947254715,2.43001689844565,-22.54526277081836,-22.306242798560785,-15.232147194789224,3.167383903760574,25.819556953345298,-22.408747255986885,51.88891396513293,18.58660216760891,0.027245850699918472,16.566441396904356,-33.04699888523458,-12.131905689814044,-9.532263992750435,1.7925194745473874,-38.56324322103541,-1.8669314040915943,-34.185694102092,-0.6608408494696802,31.410570664331026,-41.06448863494804,0.9208916564188729,4.474268664471844,-28.399291131105688,-48.7526253754639,42.14092816093547
89,89,-38.84225340211291,-24.432745592688498,-23.635051647834796,-36.63926466457334,2.4998115984885647,-22.96454651655154,-22.088753097130073,-15.38389904424335,3.3222221069736513,26.527066814794022,-22.346720959409037,52.795971174580444,18.38436255286563,-0.42973194601907694,16.960275841651587,-33.693880725583,-12.566038637375648,-9.44411113656796,1.9493053485956744,-39.398122932468105,-2.078715165672848,-34.58668185352635,-0.7533972740909036,32.199578100858986,-41.48603054060806,1.4971349730742989,4.390849712208552,-28.47738584958571,-49.95358084829921,42.7885249566989
90,90,-39.7505441245079,-24.371171835464462,-24.223141730244652,-37.02781224978174,2.4840171259159307,-23.469710791669137,-21.805735525203822,-15.467058057996626,3.507827331078962,27.21124159692626,-22.191946343519128,53.65063609791065,18.20524295811547,-0.8249832171274487,17.28511558203936,-34.300190870991315,-13.046650082154256,-9.300741956722119,2.022033595451666,-40.145846106611444,-2.2475475683580313,-35.08397048711616,-0.8897226563063331,32.987794234643324,-41.902061371280745,2.051445186658946,4.332832201057418,-28.482131789214552,-51.190092772542776,43.46051007761604
91,91,-40.74228455633346,-24.292382952567053,-24.814253558099352,-37.4628168053125,2.5286511992734866,-24.006573494574543,-21.573965275505323,-15.494176425351089,3.7288489708150743,27.87601153457448,-22.042220106528408,54.44621408980484,18.110129555787886,-1.232057533165892,17.511418947140978,-34.836145929197016,-13.553641283012087,-9.20604853278685,2.1047552560595335,-40.857398073071764,-2.47499791517174,-35.485960375092674,-1.1238766351371088,33.868017098115736,-42.28365263600107,2.5752347470569044,4.300212408194142,-28.561869986868942,-52.47612498835893,44.03342332055627
92,92,-41.68370155711414,-24.139257044405028,-25.471876020091383,-37.82088932654538,2.4952710260506734,-24.560103035439994,-21.436554187427774,-15.447444047308913,3.892463149745435,28.5148627018166,-21.95218808668106,55.20344456889844,18.025765235646595,-1.5790772030348617,17.80973833525138,-35.3232574689361,-14.111172010965124,-9.073720120157484,2.165426603690444,-41.506740147212724,-2.6984407309566074,-35.98113583854897,-1.380856499269429,34.83834814135726,-42.63968644315099,3.0905579616861796,4.272130436248501,-28.717547625094753,-53.73051396599049,44.587483638021475
93,93,-42.53323711121738,-23.94612686674341,-26.209747349371263,-38.25771108159986,2.5220724342126046,-25.189480952866788,-21.35438508084307,-15.35041891310062,3.9791699333174577,29.20328321250693,-21.945390012234284,55.905770411909266,17.95445584124669,-2.0041802357543266,18.104871477352695,-35.73325210913849,-14.635924341709513,-9.037096015802705,2.1385515660852423,-42.088812723568424,-2.9538624272403133,-36.5022531170511,-1.6046739493703048,35.88022334293974,-43.02290560043245,3.544883588824432,4.220430277955732,-28.88403868010794,-55.03235978611525,45.14520502951125
94,94,-43.381250942308384,-23.75014344483746,-26.996467943221585,-38.61479117089517,2.4853464350889922,-25.875269024559373,-21.328566880819228,-15.297723474794438,3.972864054308594,29.831471729743548,-21.846940197968443,56.60674271497429,17.80699558308429,-2.363802231042155,18.314364457644253,-36.212362424411815,-15.145788211431451,-8.978617602405514,2.0786228633718324,-42.70094084722072,-3.244777105237222,-37.113360228627904,-1.7325867394418224,36.89879895888885,-43.33310567532824,4.042633531788967,4.239402914942345,-29.02466610090637,-56.34733235086294,45.740381974022405
95,95,-44.16301142663604,-23.55587295490074,-27.74857012050568,-39.04257252289197,2.376509521689173,-26.495425260488922,-21.315092897015496,-15.280333182362966,4.003311054615449,30.369662180376764,-21.750748074406438,57.2207010170511,17.5736595074429,-2.667234074565823,18.47027847927536,-36.76087056458211,-15.691401040054112,-8.950101788708322,2.0064163398319925,-43.38709513761624,-3.6230998647709614,-37.8042045918819,-1.8398656727250549,37.95817419853613,-43.71163231336036,4.549112712490081,4.234959162340357,-29.265237872257924,-57.57167772009216,46.378848888063494
96,96,-45.021137420729865,-23.28341705879566,-28.550323748423246,-39.51422417772241,2.3412924370946775,-27.041057046505927,-21.216802451993363,-15.3094807388432,4.09779671208284,31.00013179571605,-21.745806506935505,57.85748452588061,17.355197024020644,-2.9329206242459014,18.660833569241387,-37.32140661309969,-16.27408529645635,-8.989149976306347,1.9034856175930803,-43.99432632210438,-4.051763824849573,-38.41898418196387,-1.9510621501851513,38.9379181561853,-44.00427900317947,4.957064406647934,4.142366772868026,-29.47421828094078,-58.81998621301,47.03895262452578
97,97,-45.79129327938588,-23.06133345071869,-29.289971624402842,-39.98188141262514,2.351068733482669,-27.493146281767245,-21.170087400634632,-15.396315721758352,4.108404471254036,31.713447692788762,-21.6603959705045,58.47729126936119,17.10544903746811,-3.2380321820090248,18.804908775982724,-37.81258076234032,-16.830475644618495,-9.029343822605497,1.716068908959274,-44.58178115275054,-4.562941241552404,-39.106421126498205,-2.0358359543686815,39.89709394659337,-44.395257654766326,5.288869594362307,3.9936816263642174,-29.73783073497885,-60.068347543571925,47.60961367352206
98,98,-46.59178303487137,-22.89062086889572,-30.017779260042946,-40.37644575672207,2.3132229737539873,-27.847146709661324,-21.14240973956332,-15.50326880248836,4.168553170485136,32.42411589646688,-21.624399699480815,59.00357116823179,16.79465483805967,-3.5626618327719966,19.03670500047343,-38.24068116705479,-17.405567817896166,-9.102126890506511,1.4392123444497282,-45.20816869623864,-5.030891471997342,-39.75601889129663,-2.0305582518709815,40.85058582429751,-44.76234334996551,5.5804023168059445,3.816611288094294,-30.04320340284297,-61.37682750113038,48.1838380736334
99,99,-47.34936850430278,-22.7019211153616,-30.834490073936042,-40.84334436431184,2.1769216063557737,-28.20920470885473,-21.115207135818853,-15.607867534305258,4.322541612495411,33.05418099342715,-21.51972654666701,59.52177239144647,16.45368270913783,-3.900176853648362,19.219907999661658,-38.643262275724,-17.928633476478673,-9.080324116130216,1.146080466766387,-45.77638388299356,-5.549574346071761,-40.476664294684376,-2.060155669929626,41.83079461481951,-45.091903700029995,5.954377315776335,3.6296747386423585,-30.42648967469714,-62.61526974043355,48.81623868482833
